{
	"info": {
		"_postman_id": "your-postman-id",
		"name": "LMS API (RBAC)",
		"schema": "https://schema.getpostman.com/json/collection/v2.1.0/collection.json"
	},
	"variable": [
		{
			"key": "base_url",
			"value": "http://localhost:8080"
		},
		{
			"key": "token",
			"value": ""
		}
	],
	"item": [
		{
			"name": "Auth",
			"item": [
				{
					"name": "Sign Up (Student)",
					"request": {
						"method": "POST",
						"header": [],
						"body": {
							"mode": "raw",
							"raw": "{\n    \"username\": \"student1\",\n    \"password\": \"password123\",\n    \"role\": \"ROLE_STUDENT\"\n}",
							"options": {
								"raw": {
									"language": "json"
								}
							}
						},
						"url": {
							"raw": "{{base_url}}/auth/signup",
							"host": [
								"{{base_url}}"
							],
							"path": [
								"auth",
								"signup"
							]
						}
					},
					"response": []
				},
				{
					"name": "Sign Up (Teacher)",
					"request": {
						"method": "POST",
						"header": [],
						"body": {
							"mode": "raw",
							"raw": "{\n    \"username\": \"teacher1\",\n    \"password\": \"password123\",\n    \"role\": \"ROLE_TEACHER\"\n}",
							"options": {
								"raw": {
									"language": "json"
								}
							}
						},
						"url": {
							"raw": "{{base_url}}/auth/signup",
							"host": [
								"{{base_url}}"
							],
							"path": [
								"auth",
								"signup"
							]
						}
					},
					"response": []
				},
				{
					"name": "Sign Up (Admin)",
					"request": {
						"method": "POST",
						"header": [],
						"body": {
							"mode": "raw",
							"raw": "{\n    \"username\": \"admin1\",\n    \"password\": \"password123\",\n    \"role\": \"ROLE_ADMIN\"\n}",
							"options": {
								"raw": {
									"language": "json"
								}
							}
						},
						"url": {
							"raw": "{{base_url}}/auth/signup",
							"host": [
								"{{base_url}}"
							],
							"path": [
								"auth",
								"signup"
							]
						}
					},
					"response": []
				},
				{
					"name": "Sign In",
					"event": [
						{
							"listen": "test",
							"script": {
								"exec": [
									"var jsonData = pm.response.json();",
									"pm.collectionVariables.set(\"token\", jsonData.data.token);"
								],
								"type": "text/javascript"
							}
						}
					],
					"request": {
						"method": "POST",
						"header": [],
						"body": {
							"mode": "raw",
							"raw": "{\n    \"username\": \"student1\",\n    \"password\": \"password123\"\n}",
							"options": {
								"raw": {
									"language": "json"
								}
							}
						},
						"url": {
							"raw": "{{base_url}}/auth/signin",
							"host": [
								"{{base_url}}"
							],
							"path": [
								"auth",
								"signin"
							]
						}
					},
					"response": []
				}
			]
		},
		{
			"name": "Students",
			"item": [
				{
					"name": "Create Student",
					"request": {
						"auth": {
							"type": "bearer",
							"bearer": [
								{
									"key": "token",
									"value": "{{token}}",
									"type": "string"
								}
							]
						},
						"method": "POST",
						"header": [],
						"body": {
							"mode": "raw",
							"raw": "{\n    \"name\": \"John Doe\",\n    \"birthDate\": \"2000-01-01\"\n}",
							"options": {
								"raw": {
									"language": "json"
								}
							}
						},
						"url": {
							"raw": "{{base_url}}/students",
							"host": [
								"{{base_url}}"
							],
							"path": [
								"students"
							]
						}
					},
					"response": []
				},
				{
					"name": "Get All Students",
					"request": {
						"auth": {
							"type": "bearer",
							"bearer": [
								{
									"key": "token",
									"value": "{{token}}",
									"type": "string"
								}
							]
						},
						"method": "GET",
						"header": [],
						"url": {
							"raw": "{{base_url}}/students?page=0&size=10&name=John",
							"host": [
								"{{base_url}}"
							],
							"path": [
								"students"
							],
							"query": [
								{
									"key": "page",
									"value": "0"
								},
								{
									"key": "size",
									"value": "10"
								},
								{
									"key": "name",
									"value": "John"
								}
							]
						}
					},
					"response": []
				},
				{
					"name": "Get Student by ID",
					"request": {
						"auth": {
							"type": "bearer",
							"bearer": [
								{
									"key": "token",
									"value": "{{token}}",
									"type": "string"
								}
							]
						},
						"method": "GET",
						"header": [],
						"url": {
							"raw": "{{base_url}}/students/1",
							"host": [
								"{{base_url}}"
							],
							"path": [
								"students",
								"1"
							]
						}
					},
					"response": []
				},
				{
					"name": "Update Student",
					"request": {
						"auth": {
							"type": "bearer",
							"bearer": [
								{
									"key": "token",
									"value": "{{token}}",
									"type": "string"
								}
							]
						},
						"method": "PUT",
						"header": [],
						"body": {
							"mode": "raw",
							"raw": "{\n    \"name\": \"John Doe Updated\",\n    \"birthDate\": \"2000-01-01\"\n}",
							"options": {
								"raw": {
									"language": "json"
								}
							}
						},
						"url": {
							"raw": "{{base_url}}/students/1",
							"host": [
								"{{base_url}}"
							],
							"path": [
								"students",
								"1"
							]
						}
					},
					"response": []
				},
				{
					"name": "Delete Student",
					"request": {
						"auth": {
							"type": "bearer",
							"bearer": [
								{
									"key": "token",
									"value": "{{token}}",
									"type": "string"
								}
							]
						},
						"method": "DELETE",
						"header": [],
						"url": {
							"raw": "{{base_url}}/students/1",
							"host": [
								"{{base_url}}"
							],
							"path": [
								"students",
								"1"
							]
						}
					},
					"response": []
				}
			]
		},
		{
			"name": "Teachers",
			"item": [
				{
					"name": "Get All Teachers",
					"request": {
						"auth": {
							"type": "bearer",
							"bearer": [
								{
									"key": "token",
									"value": "{{token}}",
									"type": "string"
								}
							]
						},
						"method": "GET",
						"header": [],
						"url": {
							"raw": "{{base_url}}/teachers",
							"host": [
								"{{base_url}}"
							],
							"path": [
								"teachers"
							]
						}
					},
					"response": []
				}
			]
		},
		{
			"name": "Admin",
			"item": [
				{
					"name": "Get Admin Dashboard",
					"request": {
						"auth": {
							"type": "bearer",
							"bearer": [
								{
									"key": "token",
									"value": "{{token}}",
									"type": "string"
								}
							]
						},
						"method": "GET",
						"header": [],
						"url": {
							"raw": "{{base_url}}/admin/dashboard",
							"host": [
								"{{base_url}}"
							],
							"path": [
								"admin",
								"dashboard"
							]
						}
					},
					"response": []
				}
			]
		}
	]
}
